<?xml version="1.0" encoding="UTF-8"?>
<PRODUCT>
<HEADER>
<PRODUCTID>10001</PRODUCTID>
<PRODUCTNAME>CAR</PRODUCTNAME>
<ORIGIN>BOMBAY</ORIGIN>
<WEIGHT>1100</WEIGHT>
</HEADER>
<LINEITEM>
<STARTDATE>2004-09-14</STARTDATE>
<STARTTIME>15:15:41</STARTTIME>
<ENDDATE>2004-10-22</ENDDATE>
<ENDTIME>12:15:06</ENDTIME>
<VALU>V</VALU>
<GST>THIS IS GST</GST>
<PST>this is pst</PST>
<PRODUCTNAME>GLASS</PRODUCTNAME>
<MANFADDRESS>patnam</MANFADDRESS>
<PRICE>1000</PRICE>
</LINEITEM>
<LINEITEM>
<STARTDATE>2004-09-14</STARTDATE>
<STARTTIME>15:15:41</STARTTIME>
<ENDDATE>2004-10-22</ENDDATE>
<ENDTIME>12:15:06</ENDTIME>
<VALU>G</VALU>
<GST>THIS IS GST</GST>
<PST>this is pst</PST>
<PRODUCTNAME>GLASS</PRODUCTNAME>
<MANFADDRESS>patnam</MANFADDRESS>
<PRICE>1000</PRICE>
</LINEITEM>
<LINEITEM>
<GST>T</GST>
<PRODUCTNAME>GLASS</PRODUCTNAME>
<PRICE>1000</PRICE>
</LINEITEM>
<LINEITEM>
<PST>P</PST>
<PRODUCTNAME>GLASS</PRODUCTNAME>
<PRICE>1000</PRICE>
</LINEITEM>
<TARILER>
<id>5555</id>
</TARILER>
</PRODUCT>
