<?xml version="1.0" encoding="UTF-8"?>
<PRODUCT>
<HEADER>
<PRODUCTID>10001</PRODUCTID>
<PRODUCTNAME>CAR</PRODUCTNAME>
<ORIGIN>BOMBAY</ORIGIN>
<WEIGHT>1100</WEIGHT>
</HEADER>
<LINEITEM>
<STARTDATE>2005-09-13</STARTDATE>
<STARTTIME>15:15:42</STARTTIME>
<ENDDATE>2006-10-22</ENDDATE>
<ENDTIME>12:15:07</ENDTIME>
<VALU>V</VALU>
<PST>THIS IS PST</PST>
<PRODUCTNAME>TOOLKIT</PRODUCTNAME>
<MANFADDRESS>MUMBAI</MANFADDRESS>
<PRICE>2000</PRICE>
</LINEITEM>
<LINEITEM>
<STARTDATE>2005-09-13</STARTDATE>
<STARTTIME>15:15:42</STARTTIME>
<ENDDATE>2006-10-22</ENDDATE>
<ENDTIME>12:15:07</ENDTIME>
<VALU>G</VALU>
<PST>THIS IS PST</PST>
<PRODUCTNAME>TOOLKIT</PRODUCTNAME>
<MANFADDRESS>MUMBAI</MANFADDRESS>
<PRICE>2000</PRICE>
</LINEITEM>
<LINEITEM>
<PST>P</PST>
<PRODUCTNAME>TOOLKIT</PRODUCTNAME>
<PRICE>2000</PRICE>
</LINEITEM>
<TARILER>
<id>5555</id>
</TARILER>
</PRODUCT>
