<?xml version="1.0" encoding="UTF-8"?>
<PRODUCT>
<HEADER>
<PRODUCTID>10001</PRODUCTID>
<PRODUCTNAME>CAR</PRODUCTNAME>
<ORIGIN>BOMBAY</ORIGIN>
<WEIGHT>1100</WEIGHT>
</HEADER>
<LINEITEM>
<STARTDATE>2006-09-12</STARTDATE>
<STARTTIME>15:15:43</STARTTIME>
<ENDDATE>2007-10-22</ENDDATE>
<ENDTIME>12:15:08</ENDTIME>
<VALU>V</VALU>
<QST>THIS IS QST</QST>
<PRODUCTNAME>TIRE</PRODUCTNAME>
<MANFADDRESS>GOA</MANFADDRESS>
<PRICE>3000</PRICE>
</LINEITEM>
<LINEITEM>
<STARTDATE>2006-09-12</STARTDATE>
<STARTTIME>15:15:43</STARTTIME>
<ENDDATE>2007-10-22</ENDDATE>
<ENDTIME>12:15:08</ENDTIME>
<VALU>G</VALU>
<QST>THIS IS QST</QST>
<PRODUCTNAME>TIRE</PRODUCTNAME>
<MANFADDRESS>GOA</MANFADDRESS>
<PRICE>3000</PRICE>
</LINEITEM>
<LINEITEM>
<QST>Q</QST>
<PRODUCTNAME>TIRE</PRODUCTNAME>
<PRICE>3000</PRICE>
</LINEITEM>
<TARILER>
<id>5555</id>
</TARILER>
</PRODUCT>
